{"time_last_update":1766852845,"weights":{"frec":0.5,"rece":0.5},"init_weights":{"frec":0.5,"rece":0.5},"norms":{"rece":{"beta":0.001,"mean":3.5076774537344013,"var":11.64342771858769},"frec":{"beta":0.001,"mean":13432.841882838487,"var":121666838.54979424}},"score_map":{"-MbmJrEmpyTB":{"frec":0.7025357204826497,"rece":-0.23538116682699836,"final":0.23357727682782564},"CC0OAsXUJNrQ":{"frec":-1.1620606582087802,"rece":-1.010219140042106,"final":-1.0861398991254432}}}